[
    {
        "pk": 1,
        "model": "app.country",
        "fields": {
            "tz": "Australia/Brisbane",
            "name": "Australia",
            "visits": 2,
            "population": 20000000,
            "flag": "country/flags/australia.svg"
        }
    },
    {
        "pk": 2,
        "model": "app.country",
        "fields": {
            "tz": "NZST",
            "name": "New Zealand",
            "visits": 1,
            "population": 12000000,
            "flag": "country/flags/new_zealand.svg"
        }
    },
    {
        "pk": 4,
        "model": "app.country",
        "fields": {
            "tz": "UTC\u22123.5",
            "name": "Canada",
            "visits": 1,
            "population": 34447000,
            "flag": "country/flags/canada.svg"
        }
    }
]
