[
    {
        "model": "inventory.product",
        "id": "1",
        "fields": {
            "web_id": "45425810",
            "name": "widstar running sneakers",
            "slug": "widstar-running-sneakers",
            "category": "4",
            "description": "Lorem ipsum dolor sit amet, consectetur adipiscing elit. Proin porta, eros vel sollicitudin lacinia, quam metus gravida elit, a elementum nisl neque sit amet orci. Nulla id lorem ac nunc cursus consequat vitae ut orci. In a velit eu justo eleifend tincidunt vel eu turpis. Praesent eu orci egestas, lobortis magna egestas, tincidunt augue. Vestibulum ante ipsum primis in faucibus orci luctus et ultrices posuere cubilia curae; Aenean vitae lectus eget tortor laoreet efficitur vel et leo. Maecenas volutpat eget ante id tempor. Etiam posuere ex urna, at aliquet risus tempor eu. Aenean a odio odio. Nunc consectetur lorem ante, interdum ultrices elit consectetur sit amet. Vestibulum rutrum interdum nulla. Cras vel mi a enim eleifend blandit. Curabitur ex dui, rutrum et odio sit amet, auctor euismod massa.",
            "is_active": "1",
            "created_at": "2021-09-01T13:20:30+03:00",
            "updated_at": "2021-09-01T13:20:30+03:00"
        }
    },
    {
        "model": "inventory.product",
        "id": "2",
        "fields": {
            "web_id": "45425811",
            "name": "girl zada gray flip flop sandal",
            "slug": "girl-zada-gray-flip-flop-sandal",
            "category": "5",
            "description": "Lorem ipsum dolor sit amet, consectetur adipiscing elit. Proin porta, eros vel sollicitudin lacinia, quam metus gravida elit, a elementum nisl neque sit amet orci. Nulla id lorem ac nunc cursus consequat vitae ut orci. In a velit eu justo eleifend tincidunt vel eu turpis. Praesent eu orci egestas, lobortis magna egestas, tincidunt augue. Vestibulum ante ipsum primis in faucibus orci luctus et ultrices posuere cubilia curae; Aenean vitae lectus eget tortor laoreet efficitur vel et leo. Maecenas volutpat eget ante id tempor. Etiam posuere ex urna, at aliquet risus tempor eu. Aenean a odio odio. Nunc consectetur lorem ante, interdum ultrices elit consectetur sit amet. Vestibulum rutrum interdum nulla. Cras vel mi a enim eleifend blandit. Curabitur ex dui, rutrum et odio sit amet, auctor euismod massa.",
            "is_active": "1",
            "created_at": "2021-09-01T13:20:30+03:00",
            "updated_at": "2021-09-01T13:20:30+03:00"
        }
    },
    {
        "model": "inventory.product",
        "id": "3",
        "fields": {
            "web_id": "45425812",
            "name": "girl primotoo open toe synthetiflip flop sandal",
            "slug": "girl-primotoo-open-toe-synthetiflip-flop-sandal",
            "category": "6",
            "description": "Lorem ipsum dolor sit amet, consectetur adipiscing elit. Proin porta, eros vel sollicitudin lacinia, quam metus gravida elit, a elementum nisl neque sit amet orci. Nulla id lorem ac nunc cursus consequat vitae ut orci. In a velit eu justo eleifend tincidunt vel eu turpis. Praesent eu orci egestas, lobortis magna egestas, tincidunt augue. Vestibulum ante ipsum primis in faucibus orci luctus et ultrices posuere cubilia curae; Aenean vitae lectus eget tortor laoreet efficitur vel et leo. Maecenas volutpat eget ante id tempor. Etiam posuere ex urna, at aliquet risus tempor eu. Aenean a odio odio. Nunc consectetur lorem ante, interdum ultrices elit consectetur sit amet. Vestibulum rutrum interdum nulla. Cras vel mi a enim eleifend blandit. Curabitur ex dui, rutrum et odio sit amet, auctor euismod massa.",
            "is_active": "1",
            "created_at": "2021-09-01T13:20:30+03:00",
            "updated_at": "2021-09-01T13:20:30+03:00"
        }
    },
    {
        "model": "inventory.product",
        "id": "4",
        "fields": {
            "web_id": "45425813",
            "name": "girl zada orange flip flop sandal",
            "slug": "girl-zada-orange-flip-flop-sandal",
            "category": "7",
            "description": "Lorem ipsum dolor sit amet, consectetur adipiscing elit. Proin porta, eros vel sollicitudin lacinia, quam metus gravida elit, a elementum nisl neque sit amet orci. Nulla id lorem ac nunc cursus consequat vitae ut orci. In a velit eu justo eleifend tincidunt vel eu turpis. Praesent eu orci egestas, lobortis magna egestas, tincidunt augue. Vestibulum ante ipsum primis in faucibus orci luctus et ultrices posuere cubilia curae; Aenean vitae lectus eget tortor laoreet efficitur vel et leo. Maecenas volutpat eget ante id tempor. Etiam posuere ex urna, at aliquet risus tempor eu. Aenean a odio odio. Nunc consectetur lorem ante, interdum ultrices elit consectetur sit amet. Vestibulum rutrum interdum nulla. Cras vel mi a enim eleifend blandit. Curabitur ex dui, rutrum et odio sit amet, auctor euismod massa.",
            "is_active": "1",
            "created_at": "2021-09-01T13:20:30+03:00",
            "updated_at": "2021-09-01T13:20:30+03:00"
        }
    },
    {
        "model": "inventory.product",
        "id": "5",
        "fields": {
            "web_id": "45425814",
            "name": "lips too too demand open toe synthetiwedge heel",
            "slug": "lips-too-too-demand-open-toe-synthetiwedge-heel",
            "category": "8",
            "description": "Lorem ipsum dolor sit amet, consectetur adipiscing elit. Proin porta, eros vel sollicitudin lacinia, quam metus gravida elit, a elementum nisl neque sit amet orci. Nulla id lorem ac nunc cursus consequat vitae ut orci. In a velit eu justo eleifend tincidunt vel eu turpis. Praesent eu orci egestas, lobortis magna egestas, tincidunt augue. Vestibulum ante ipsum primis in faucibus orci luctus et ultrices posuere cubilia curae; Aenean vitae lectus eget tortor laoreet efficitur vel et leo. Maecenas volutpat eget ante id tempor. Etiam posuere ex urna, at aliquet risus tempor eu. Aenean a odio odio. Nunc consectetur lorem ante, interdum ultrices elit consectetur sit amet. Vestibulum rutrum interdum nulla. Cras vel mi a enim eleifend blandit. Curabitur ex dui, rutrum et odio sit amet, auctor euismod massa.",
            "is_active": "1",
            "created_at": "2021-09-01T13:20:30+03:00",
            "updated_at": "2021-09-01T13:20:30+03:00"
        }
    },
    {
        "model": "inventory.product",
        "id": "6",
        "fields": {
            "web_id": "45425815",
            "name": "lips too too skip synthetibaet flats",
            "slug": "lips-too-too-skip-synthetibaet-flats",
            "category": "9",
            "description": "Lorem ipsum dolor sit amet, consectetur adipiscing elit. Proin porta, eros vel sollicitudin lacinia, quam metus gravida elit, a elementum nisl neque sit amet orci. Nulla id lorem ac nunc cursus consequat vitae ut orci. In a velit eu justo eleifend tincidunt vel eu turpis. Praesent eu orci egestas, lobortis magna egestas, tincidunt augue. Vestibulum ante ipsum primis in faucibus orci luctus et ultrices posuere cubilia curae; Aenean vitae lectus eget tortor laoreet efficitur vel et leo. Maecenas volutpat eget ante id tempor. Etiam posuere ex urna, at aliquet risus tempor eu. Aenean a odio odio. Nunc consectetur lorem ante, interdum ultrices elit consectetur sit amet. Vestibulum rutrum interdum nulla. Cras vel mi a enim eleifend blandit. Curabitur ex dui, rutrum et odio sit amet, auctor euismod massa.",
            "is_active": "1",
            "created_at": "2021-09-01T13:20:30+03:00",
            "updated_at": "2021-09-01T13:20:30+03:00"
        }
    },
    {
        "model": "inventory.product",
        "id": "7",
        "fields": {
            "web_id": "45425816",
            "name": "lips too too imbody natura wedge sandal",
            "slug": "lips-too-too-imbody-natura-wedge-sandal",
            "category": "10",
            "description": "Lorem ipsum dolor sit amet, consectetur adipiscing elit. Proin porta, eros vel sollicitudin lacinia, quam metus gravida elit, a elementum nisl neque sit amet orci. Nulla id lorem ac nunc cursus consequat vitae ut orci. In a velit eu justo eleifend tincidunt vel eu turpis. Praesent eu orci egestas, lobortis magna egestas, tincidunt augue. Vestibulum ante ipsum primis in faucibus orci luctus et ultrices posuere cubilia curae; Aenean vitae lectus eget tortor laoreet efficitur vel et leo. Maecenas volutpat eget ante id tempor. Etiam posuere ex urna, at aliquet risus tempor eu. Aenean a odio odio. Nunc consectetur lorem ante, interdum ultrices elit consectetur sit amet. Vestibulum rutrum interdum nulla. Cras vel mi a enim eleifend blandit. Curabitur ex dui, rutrum et odio sit amet, auctor euismod massa.",
            "is_active": "1",
            "created_at": "2021-09-01T13:20:30+03:00",
            "updated_at": "2021-09-01T13:20:30+03:00"
        }
    },
    {
        "model": "inventory.product",
        "id": "8",
        "fields": {
            "web_id": "45425817",
            "name": "lips too too jit riding boot",
            "slug": "lips-too-too-jit-riding-boot",
            "category": "11",
            "description": "Lorem ipsum dolor sit amet, consectetur adipiscing elit. Proin porta, eros vel sollicitudin lacinia, quam metus gravida elit, a elementum nisl neque sit amet orci. Nulla id lorem ac nunc cursus consequat vitae ut orci. In a velit eu justo eleifend tincidunt vel eu turpis. Praesent eu orci egestas, lobortis magna egestas, tincidunt augue. Vestibulum ante ipsum primis in faucibus orci luctus et ultrices posuere cubilia curae; Aenean vitae lectus eget tortor laoreet efficitur vel et leo. Maecenas volutpat eget ante id tempor. Etiam posuere ex urna, at aliquet risus tempor eu. Aenean a odio odio. Nunc consectetur lorem ante, interdum ultrices elit consectetur sit amet. Vestibulum rutrum interdum nulla. Cras vel mi a enim eleifend blandit. Curabitur ex dui, rutrum et odio sit amet, auctor euismod massa.",
            "is_active": "1",
            "created_at": "2021-09-01T13:20:30+03:00",
            "updated_at": "2021-09-01T13:20:30+03:00"
        }
    },
    {
        "model": "inventory.product",
        "id": "9",
        "fields": {
            "web_id": "45425818",
            "name": "lips too too effort tan anke boot",
            "slug": "lips-too-too-effort-tan-anke-boot",
            "category": "12",
            "description": "Lorem ipsum dolor sit amet, consectetur adipiscing elit. Proin porta, eros vel sollicitudin lacinia, quam metus gravida elit, a elementum nisl neque sit amet orci. Nulla id lorem ac nunc cursus consequat vitae ut orci. In a velit eu justo eleifend tincidunt vel eu turpis. Praesent eu orci egestas, lobortis magna egestas, tincidunt augue. Vestibulum ante ipsum primis in faucibus orci luctus et ultrices posuere cubilia curae; Aenean vitae lectus eget tortor laoreet efficitur vel et leo. Maecenas volutpat eget ante id tempor. Etiam posuere ex urna, at aliquet risus tempor eu. Aenean a odio odio. Nunc consectetur lorem ante, interdum ultrices elit consectetur sit amet. Vestibulum rutrum interdum nulla. Cras vel mi a enim eleifend blandit. Curabitur ex dui, rutrum et odio sit amet, auctor euismod massa.",
            "is_active": "1",
            "created_at": "2021-09-01T13:20:30+03:00",
            "updated_at": "2021-09-01T13:20:30+03:00"
        }
    },
    {
        "model": "inventory.product",
        "id": "10",
        "fields": {
            "web_id": "45425819",
            "name": "lips too too fynn rose god thong sandal",
            "slug": "lips-too-too-fynn-rose-god-thong-sandal",
            "category": "13",
            "description": "Lorem ipsum dolor sit amet, consectetur adipiscing elit. Proin porta, eros vel sollicitudin lacinia, quam metus gravida elit, a elementum nisl neque sit amet orci. Nulla id lorem ac nunc cursus consequat vitae ut orci. In a velit eu justo eleifend tincidunt vel eu turpis. Praesent eu orci egestas, lobortis magna egestas, tincidunt augue. Vestibulum ante ipsum primis in faucibus orci luctus et ultrices posuere cubilia curae; Aenean vitae lectus eget tortor laoreet efficitur vel et leo. Maecenas volutpat eget ante id tempor. Etiam posuere ex urna, at aliquet risus tempor eu. Aenean a odio odio. Nunc consectetur lorem ante, interdum ultrices elit consectetur sit amet. Vestibulum rutrum interdum nulla. Cras vel mi a enim eleifend blandit. Curabitur ex dui, rutrum et odio sit amet, auctor euismod massa.",
            "is_active": "1",
            "created_at": "2021-09-01T13:20:30+03:00",
            "updated_at": "2021-09-01T13:20:30+03:00"
        }
    },
    {
        "model": "inventory.product",
        "id": "11",
        "fields": {
            "web_id": "45425820",
            "name": "lips too too jayden round toe synthetigray over the knee boot",
            "slug": "lips-too-too-jayden-round-toe-synthetigray-over-the-knee-boot",
            "category": "14",
            "description": "Lorem ipsum dolor sit amet, consectetur adipiscing elit. Proin porta, eros vel sollicitudin lacinia, quam metus gravida elit, a elementum nisl neque sit amet orci. Nulla id lorem ac nunc cursus consequat vitae ut orci. In a velit eu justo eleifend tincidunt vel eu turpis. Praesent eu orci egestas, lobortis magna egestas, tincidunt augue. Vestibulum ante ipsum primis in faucibus orci luctus et ultrices posuere cubilia curae; Aenean vitae lectus eget tortor laoreet efficitur vel et leo. Maecenas volutpat eget ante id tempor. Etiam posuere ex urna, at aliquet risus tempor eu. Aenean a odio odio. Nunc consectetur lorem ante, interdum ultrices elit consectetur sit amet. Vestibulum rutrum interdum nulla. Cras vel mi a enim eleifend blandit. Curabitur ex dui, rutrum et odio sit amet, auctor euismod massa.",
            "is_active": "1",
            "created_at": "2021-09-01T13:20:30+03:00",
            "updated_at": "2021-09-01T13:20:30+03:00"
        }
    },
    {
        "model": "inventory.product",
        "id": "12",
        "fields": {
            "web_id": "45425821",
            "name": "lips too too janee brown extended kneehigh riding boot",
            "slug": "lips-too-too-janee-brown-extended-kneehigh-riding-boot",
            "category": "15",
            "description": "Lorem ipsum dolor sit amet, consectetur adipiscing elit. Proin porta, eros vel sollicitudin lacinia, quam metus gravida elit, a elementum nisl neque sit amet orci. Nulla id lorem ac nunc cursus consequat vitae ut orci. In a velit eu justo eleifend tincidunt vel eu turpis. Praesent eu orci egestas, lobortis magna egestas, tincidunt augue. Vestibulum ante ipsum primis in faucibus orci luctus et ultrices posuere cubilia curae; Aenean vitae lectus eget tortor laoreet efficitur vel et leo. Maecenas volutpat eget ante id tempor. Etiam posuere ex urna, at aliquet risus tempor eu. Aenean a odio odio. Nunc consectetur lorem ante, interdum ultrices elit consectetur sit amet. Vestibulum rutrum interdum nulla. Cras vel mi a enim eleifend blandit. Curabitur ex dui, rutrum et odio sit amet, auctor euismod massa.",
            "is_active": "1",
            "created_at": "2021-09-01T13:20:30+03:00",
            "updated_at": "2021-09-01T13:20:30+03:00"
        }
    },
    {
        "model": "inventory.product",
        "id": "13",
        "fields": {
            "web_id": "45425822",
            "name": "lips too too inga wedge sandal",
            "slug": "lips-too-too-inga-wedge-sandal",
            "category": "16",
            "description": "Lorem ipsum dolor sit amet, consectetur adipiscing elit. Proin porta, eros vel sollicitudin lacinia, quam metus gravida elit, a elementum nisl neque sit amet orci. Nulla id lorem ac nunc cursus consequat vitae ut orci. In a velit eu justo eleifend tincidunt vel eu turpis. Praesent eu orci egestas, lobortis magna egestas, tincidunt augue. Vestibulum ante ipsum primis in faucibus orci luctus et ultrices posuere cubilia curae; Aenean vitae lectus eget tortor laoreet efficitur vel et leo. Maecenas volutpat eget ante id tempor. Etiam posuere ex urna, at aliquet risus tempor eu. Aenean a odio odio. Nunc consectetur lorem ante, interdum ultrices elit consectetur sit amet. Vestibulum rutrum interdum nulla. Cras vel mi a enim eleifend blandit. Curabitur ex dui, rutrum et odio sit amet, auctor euismod massa.",
            "is_active": "1",
            "created_at": "2021-09-01T13:20:30+03:00",
            "updated_at": "2021-09-01T13:20:30+03:00"
        }
    },
    {
        "model": "inventory.product",
        "id": "14",
        "fields": {
            "web_id": "45425823",
            "name": "lips too ripped synthetigreen fashion sneakers",
            "slug": "lips-too-ripped-synthetigreen-fashion-sneakers",
            "category": "17",
            "description": "Lorem ipsum dolor sit amet, consectetur adipiscing elit. Proin porta, eros vel sollicitudin lacinia, quam metus gravida elit, a elementum nisl neque sit amet orci. Nulla id lorem ac nunc cursus consequat vitae ut orci. In a velit eu justo eleifend tincidunt vel eu turpis. Praesent eu orci egestas, lobortis magna egestas, tincidunt augue. Vestibulum ante ipsum primis in faucibus orci luctus et ultrices posuere cubilia curae; Aenean vitae lectus eget tortor laoreet efficitur vel et leo. Maecenas volutpat eget ante id tempor. Etiam posuere ex urna, at aliquet risus tempor eu. Aenean a odio odio. Nunc consectetur lorem ante, interdum ultrices elit consectetur sit amet. Vestibulum rutrum interdum nulla. Cras vel mi a enim eleifend blandit. Curabitur ex dui, rutrum et odio sit amet, auctor euismod massa.",
            "is_active": "1",
            "created_at": "2021-09-01T13:20:30+03:00",
            "updated_at": "2021-09-01T13:20:30+03:00"
        }
    },
    {
        "model": "inventory.product",
        "id": "15",
        "fields": {
            "web_id": "45425824",
            "name": "men and aqua shoes",
            "slug": "men-and-aqua-shoes",
            "category": "18",
            "description": "Lorem ipsum dolor sit amet, consectetur adipiscing elit. Proin porta, eros vel sollicitudin lacinia, quam metus gravida elit, a elementum nisl neque sit amet orci. Nulla id lorem ac nunc cursus consequat vitae ut orci. In a velit eu justo eleifend tincidunt vel eu turpis. Praesent eu orci egestas, lobortis magna egestas, tincidunt augue. Vestibulum ante ipsum primis in faucibus orci luctus et ultrices posuere cubilia curae; Aenean vitae lectus eget tortor laoreet efficitur vel et leo. Maecenas volutpat eget ante id tempor. Etiam posuere ex urna, at aliquet risus tempor eu. Aenean a odio odio. Nunc consectetur lorem ante, interdum ultrices elit consectetur sit amet. Vestibulum rutrum interdum nulla. Cras vel mi a enim eleifend blandit. Curabitur ex dui, rutrum et odio sit amet, auctor euismod massa.",
            "is_active": "1",
            "created_at": "2021-09-01T13:20:30+03:00",
            "updated_at": "2021-09-01T13:20:30+03:00"
        }
    },
    {
        "model": "inventory.product",
        "id": "16",
        "fields": {
            "web_id": "45425825",
            "name": "degree by refex heathered stretch yoga legging",
            "slug": "degree-by-refex-heathered-stretch-yoga-legging",
            "category": "19",
            "description": "Lorem ipsum dolor sit amet, consectetur adipiscing elit. Proin porta, eros vel sollicitudin lacinia, quam metus gravida elit, a elementum nisl neque sit amet orci. Nulla id lorem ac nunc cursus consequat vitae ut orci. In a velit eu justo eleifend tincidunt vel eu turpis. Praesent eu orci egestas, lobortis magna egestas, tincidunt augue. Vestibulum ante ipsum primis in faucibus orci luctus et ultrices posuere cubilia curae; Aenean vitae lectus eget tortor laoreet efficitur vel et leo. Maecenas volutpat eget ante id tempor. Etiam posuere ex urna, at aliquet risus tempor eu. Aenean a odio odio. Nunc consectetur lorem ante, interdum ultrices elit consectetur sit amet. Vestibulum rutrum interdum nulla. Cras vel mi a enim eleifend blandit. Curabitur ex dui, rutrum et odio sit amet, auctor euismod massa.",
            "is_active": "1",
            "created_at": "2021-09-01T13:20:30+03:00",
            "updated_at": "2021-09-01T13:20:30+03:00"
        }
    },
    {
        "model": "inventory.product",
        "id": "17",
        "fields": {
            "web_id": "45425826",
            "name": "ana maddy round toe canvas bootie",
            "slug": "ana-maddy-round-toe-canvas-bootie",
            "category": "20",
            "description": "Lorem ipsum dolor sit amet, consectetur adipiscing elit. Proin porta, eros vel sollicitudin lacinia, quam metus gravida elit, a elementum nisl neque sit amet orci. Nulla id lorem ac nunc cursus consequat vitae ut orci. In a velit eu justo eleifend tincidunt vel eu turpis. Praesent eu orci egestas, lobortis magna egestas, tincidunt augue. Vestibulum ante ipsum primis in faucibus orci luctus et ultrices posuere cubilia curae; Aenean vitae lectus eget tortor laoreet efficitur vel et leo. Maecenas volutpat eget ante id tempor. Etiam posuere ex urna, at aliquet risus tempor eu. Aenean a odio odio. Nunc consectetur lorem ante, interdum ultrices elit consectetur sit amet. Vestibulum rutrum interdum nulla. Cras vel mi a enim eleifend blandit. Curabitur ex dui, rutrum et odio sit amet, auctor euismod massa.",
            "is_active": "1",
            "created_at": "2021-09-01T13:20:30+03:00",
            "updated_at": "2021-09-01T13:20:30+03:00"
        }
    },
    {
        "model": "inventory.product",
        "id": "18",
        "fields": {
            "web_id": "45425827",
            "name": "ana open toe synthetisandals",
            "slug": "ana-open-toe-synthetisandals",
            "category": "21",
            "description": "Lorem ipsum dolor sit amet, consectetur adipiscing elit. Proin porta, eros vel sollicitudin lacinia, quam metus gravida elit, a elementum nisl neque sit amet orci. Nulla id lorem ac nunc cursus consequat vitae ut orci. In a velit eu justo eleifend tincidunt vel eu turpis. Praesent eu orci egestas, lobortis magna egestas, tincidunt augue. Vestibulum ante ipsum primis in faucibus orci luctus et ultrices posuere cubilia curae; Aenean vitae lectus eget tortor laoreet efficitur vel et leo. Maecenas volutpat eget ante id tempor. Etiam posuere ex urna, at aliquet risus tempor eu. Aenean a odio odio. Nunc consectetur lorem ante, interdum ultrices elit consectetur sit amet. Vestibulum rutrum interdum nulla. Cras vel mi a enim eleifend blandit. Curabitur ex dui, rutrum et odio sit amet, auctor euismod massa.",
            "is_active": "1",
            "created_at": "2021-09-01T13:20:30+03:00",
            "updated_at": "2021-09-01T13:20:30+03:00"
        }
    },
    {
        "model": "inventory.product",
        "id": "19",
        "fields": {
            "web_id": "45425828",
            "name": "ana michael open toe synthetiwedge heel",
            "slug": "ana-michael-open-toe-synthetiwedge-heel",
            "category": "22",
            "description": "Lorem ipsum dolor sit amet, consectetur adipiscing elit. Proin porta, eros vel sollicitudin lacinia, quam metus gravida elit, a elementum nisl neque sit amet orci. Nulla id lorem ac nunc cursus consequat vitae ut orci. In a velit eu justo eleifend tincidunt vel eu turpis. Praesent eu orci egestas, lobortis magna egestas, tincidunt augue. Vestibulum ante ipsum primis in faucibus orci luctus et ultrices posuere cubilia curae; Aenean vitae lectus eget tortor laoreet efficitur vel et leo. Maecenas volutpat eget ante id tempor. Etiam posuere ex urna, at aliquet risus tempor eu. Aenean a odio odio. Nunc consectetur lorem ante, interdum ultrices elit consectetur sit amet. Vestibulum rutrum interdum nulla. Cras vel mi a enim eleifend blandit. Curabitur ex dui, rutrum et odio sit amet, auctor euismod massa.",
            "is_active": "1",
            "created_at": "2021-09-01T13:20:30+03:00",
            "updated_at": "2021-09-01T13:20:30+03:00"
        }
    },
    {
        "model": "inventory.product",
        "id": "20",
        "fields": {
            "web_id": "45425829",
            "name": "ana vicky round toe synthetibronze anke boot",
            "slug": "ana-vicky-round-toe-synthetibronze-anke-boot",
            "category": "23",
            "description": "Lorem ipsum dolor sit amet, consectetur adipiscing elit. Proin porta, eros vel sollicitudin lacinia, quam metus gravida elit, a elementum nisl neque sit amet orci. Nulla id lorem ac nunc cursus consequat vitae ut orci. In a velit eu justo eleifend tincidunt vel eu turpis. Praesent eu orci egestas, lobortis magna egestas, tincidunt augue. Vestibulum ante ipsum primis in faucibus orci luctus et ultrices posuere cubilia curae; Aenean vitae lectus eget tortor laoreet efficitur vel et leo. Maecenas volutpat eget ante id tempor. Etiam posuere ex urna, at aliquet risus tempor eu. Aenean a odio odio. Nunc consectetur lorem ante, interdum ultrices elit consectetur sit amet. Vestibulum rutrum interdum nulla. Cras vel mi a enim eleifend blandit. Curabitur ex dui, rutrum et odio sit amet, auctor euismod massa.",
            "is_active": "1",
            "created_at": "2021-09-01T13:20:30+03:00",
            "updated_at": "2021-09-01T13:20:30+03:00"
        }
    },
    {
        "model": "inventory.product",
        "id": "21",
        "fields": {
            "web_id": "45425830",
            "name": "axny apha round toe synthetibrown anke boot",
            "slug": "axny-apha-round-toe-synthetibrown-anke-boot",
            "category": "24",
            "description": "Lorem ipsum dolor sit amet, consectetur adipiscing elit. Proin porta, eros vel sollicitudin lacinia, quam metus gravida elit, a elementum nisl neque sit amet orci. Nulla id lorem ac nunc cursus consequat vitae ut orci. In a velit eu justo eleifend tincidunt vel eu turpis. Praesent eu orci egestas, lobortis magna egestas, tincidunt augue. Vestibulum ante ipsum primis in faucibus orci luctus et ultrices posuere cubilia curae; Aenean vitae lectus eget tortor laoreet efficitur vel et leo. Maecenas volutpat eget ante id tempor. Etiam posuere ex urna, at aliquet risus tempor eu. Aenean a odio odio. Nunc consectetur lorem ante, interdum ultrices elit consectetur sit amet. Vestibulum rutrum interdum nulla. Cras vel mi a enim eleifend blandit. Curabitur ex dui, rutrum et odio sit amet, auctor euismod massa.",
            "is_active": "1",
            "created_at": "2021-09-01T13:20:30+03:00",
            "updated_at": "2021-09-01T13:20:30+03:00"
        }
    },
    {
        "model": "inventory.product",
        "id": "22",
        "fields": {
            "web_id": "45425831",
            "name": "axny anise round toe synthetianke boot",
            "slug": "axny-anise-round-toe-synthetianke-boot",
            "category": "25",
            "description": "Lorem ipsum dolor sit amet, consectetur adipiscing elit. Proin porta, eros vel sollicitudin lacinia, quam metus gravida elit, a elementum nisl neque sit amet orci. Nulla id lorem ac nunc cursus consequat vitae ut orci. In a velit eu justo eleifend tincidunt vel eu turpis. Praesent eu orci egestas, lobortis magna egestas, tincidunt augue. Vestibulum ante ipsum primis in faucibus orci luctus et ultrices posuere cubilia curae; Aenean vitae lectus eget tortor laoreet efficitur vel et leo. Maecenas volutpat eget ante id tempor. Etiam posuere ex urna, at aliquet risus tempor eu. Aenean a odio odio. Nunc consectetur lorem ante, interdum ultrices elit consectetur sit amet. Vestibulum rutrum interdum nulla. Cras vel mi a enim eleifend blandit. Curabitur ex dui, rutrum et odio sit amet, auctor euismod massa.",
            "is_active": "1",
            "created_at": "2021-09-01T13:20:30+03:00",
            "updated_at": "2021-09-01T13:20:30+03:00"
        }
    },
    {
        "model": "inventory.product",
        "id": "23",
        "fields": {
            "web_id": "45425832",
            "name": "axny graham round toe synthetimid caf boot",
            "slug": "axny-graham-round-toe-synthetimid-caf-boot",
            "category": "26",
            "description": "Lorem ipsum dolor sit amet, consectetur adipiscing elit. Proin porta, eros vel sollicitudin lacinia, quam metus gravida elit, a elementum nisl neque sit amet orci. Nulla id lorem ac nunc cursus consequat vitae ut orci. In a velit eu justo eleifend tincidunt vel eu turpis. Praesent eu orci egestas, lobortis magna egestas, tincidunt augue. Vestibulum ante ipsum primis in faucibus orci luctus et ultrices posuere cubilia curae; Aenean vitae lectus eget tortor laoreet efficitur vel et leo. Maecenas volutpat eget ante id tempor. Etiam posuere ex urna, at aliquet risus tempor eu. Aenean a odio odio. Nunc consectetur lorem ante, interdum ultrices elit consectetur sit amet. Vestibulum rutrum interdum nulla. Cras vel mi a enim eleifend blandit. Curabitur ex dui, rutrum et odio sit amet, auctor euismod massa.",
            "is_active": "1",
            "created_at": "2021-09-01T13:20:30+03:00",
            "updated_at": "2021-09-01T13:20:30+03:00"
        }
    },
    {
        "model": "inventory.product",
        "id": "24",
        "fields": {
            "web_id": "45425833",
            "name": "axny tuner round toe synthetibootie",
            "slug": "axny-tuner-round-toe-synthetibootie",
            "category": "27",
            "description": "Lorem ipsum dolor sit amet, consectetur adipiscing elit. Proin porta, eros vel sollicitudin lacinia, quam metus gravida elit, a elementum nisl neque sit amet orci. Nulla id lorem ac nunc cursus consequat vitae ut orci. In a velit eu justo eleifend tincidunt vel eu turpis. Praesent eu orci egestas, lobortis magna egestas, tincidunt augue. Vestibulum ante ipsum primis in faucibus orci luctus et ultrices posuere cubilia curae; Aenean vitae lectus eget tortor laoreet efficitur vel et leo. Maecenas volutpat eget ante id tempor. Etiam posuere ex urna, at aliquet risus tempor eu. Aenean a odio odio. Nunc consectetur lorem ante, interdum ultrices elit consectetur sit amet. Vestibulum rutrum interdum nulla. Cras vel mi a enim eleifend blandit. Curabitur ex dui, rutrum et odio sit amet, auctor euismod massa.",
            "is_active": "1",
            "created_at": "2021-09-01T13:20:30+03:00",
            "updated_at": "2021-09-01T13:20:30+03:00"
        }
    },
    {
        "model": "inventory.product",
        "id": "25",
        "fields": {
            "web_id": "45425834",
            "name": "axny idona open toe synthetiplatform heel",
            "slug": "axny-idona-open-toe-synthetiplatform-heel",
            "category": "28",
            "description": "Lorem ipsum dolor sit amet, consectetur adipiscing elit. Proin porta, eros vel sollicitudin lacinia, quam metus gravida elit, a elementum nisl neque sit amet orci. Nulla id lorem ac nunc cursus consequat vitae ut orci. In a velit eu justo eleifend tincidunt vel eu turpis. Praesent eu orci egestas, lobortis magna egestas, tincidunt augue. Vestibulum ante ipsum primis in faucibus orci luctus et ultrices posuere cubilia curae; Aenean vitae lectus eget tortor laoreet efficitur vel et leo. Maecenas volutpat eget ante id tempor. Etiam posuere ex urna, at aliquet risus tempor eu. Aenean a odio odio. Nunc consectetur lorem ante, interdum ultrices elit consectetur sit amet. Vestibulum rutrum interdum nulla. Cras vel mi a enim eleifend blandit. Curabitur ex dui, rutrum et odio sit amet, auctor euismod massa.",
            "is_active": "1",
            "created_at": "2021-09-01T13:20:30+03:00",
            "updated_at": "2021-09-01T13:20:30+03:00"
        }
    },
    {
        "model": "inventory.product",
        "id": "26",
        "fields": {
            "web_id": "45425835",
            "name": "aerosoes redwood pump faux patent",
            "slug": "aerosoes-redwood-pump-faux-patent",
            "category": "29",
            "description": "Lorem ipsum dolor sit amet, consectetur adipiscing elit. Proin porta, eros vel sollicitudin lacinia, quam metus gravida elit, a elementum nisl neque sit amet orci. Nulla id lorem ac nunc cursus consequat vitae ut orci. In a velit eu justo eleifend tincidunt vel eu turpis. Praesent eu orci egestas, lobortis magna egestas, tincidunt augue. Vestibulum ante ipsum primis in faucibus orci luctus et ultrices posuere cubilia curae; Aenean vitae lectus eget tortor laoreet efficitur vel et leo. Maecenas volutpat eget ante id tempor. Etiam posuere ex urna, at aliquet risus tempor eu. Aenean a odio odio. Nunc consectetur lorem ante, interdum ultrices elit consectetur sit amet. Vestibulum rutrum interdum nulla. Cras vel mi a enim eleifend blandit. Curabitur ex dui, rutrum et odio sit amet, auctor euismod massa.",
            "is_active": "1",
            "created_at": "2021-09-01T13:20:30+03:00",
            "updated_at": "2021-09-01T13:20:30+03:00"
        }
    },
    {
        "model": "inventory.product",
        "id": "27",
        "fields": {
            "web_id": "45425836",
            "name": "aerosoes loipowp sandals",
            "slug": "aerosoes-loipowp-sandals",
            "category": "30",
            "description": "Lorem ipsum dolor sit amet, consectetur adipiscing elit. Proin porta, eros vel sollicitudin lacinia, quam metus gravida elit, a elementum nisl neque sit amet orci. Nulla id lorem ac nunc cursus consequat vitae ut orci. In a velit eu justo eleifend tincidunt vel eu turpis. Praesent eu orci egestas, lobortis magna egestas, tincidunt augue. Vestibulum ante ipsum primis in faucibus orci luctus et ultrices posuere cubilia curae; Aenean vitae lectus eget tortor laoreet efficitur vel et leo. Maecenas volutpat eget ante id tempor. Etiam posuere ex urna, at aliquet risus tempor eu. Aenean a odio odio. Nunc consectetur lorem ante, interdum ultrices elit consectetur sit amet. Vestibulum rutrum interdum nulla. Cras vel mi a enim eleifend blandit. Curabitur ex dui, rutrum et odio sit amet, auctor euismod massa.",
            "is_active": "1",
            "created_at": "2021-09-01T13:20:30+03:00",
            "updated_at": "2021-09-01T13:20:30+03:00"
        }
    },
    {
        "model": "inventory.product",
        "id": "28",
        "fields": {
            "web_id": "45425837",
            "name": "aerosoes ride with me souch boot combo faux leather",
            "slug": "aerosoes-ride-with-me-souch-boot-combo-faux-leather",
            "category": "31",
            "description": "Lorem ipsum dolor sit amet, consectetur adipiscing elit. Proin porta, eros vel sollicitudin lacinia, quam metus gravida elit, a elementum nisl neque sit amet orci. Nulla id lorem ac nunc cursus consequat vitae ut orci. In a velit eu justo eleifend tincidunt vel eu turpis. Praesent eu orci egestas, lobortis magna egestas, tincidunt augue. Vestibulum ante ipsum primis in faucibus orci luctus et ultrices posuere cubilia curae; Aenean vitae lectus eget tortor laoreet efficitur vel et leo. Maecenas volutpat eget ante id tempor. Etiam posuere ex urna, at aliquet risus tempor eu. Aenean a odio odio. Nunc consectetur lorem ante, interdum ultrices elit consectetur sit amet. Vestibulum rutrum interdum nulla. Cras vel mi a enim eleifend blandit. Curabitur ex dui, rutrum et odio sit amet, auctor euismod massa.",
            "is_active": "1",
            "created_at": "2021-09-01T13:20:30+03:00",
            "updated_at": "2021-09-01T13:20:30+03:00"
        }
    },
    {
        "model": "inventory.product",
        "id": "29",
        "fields": {
            "web_id": "45425838",
            "name": "aerosoes moasses round toe synthetiboot",
            "slug": "aerosoes-moasses-round-toe-synthetiboot",
            "category": "32",
            "description": "Lorem ipsum dolor sit amet, consectetur adipiscing elit. Proin porta, eros vel sollicitudin lacinia, quam metus gravida elit, a elementum nisl neque sit amet orci. Nulla id lorem ac nunc cursus consequat vitae ut orci. In a velit eu justo eleifend tincidunt vel eu turpis. Praesent eu orci egestas, lobortis magna egestas, tincidunt augue. Vestibulum ante ipsum primis in faucibus orci luctus et ultrices posuere cubilia curae; Aenean vitae lectus eget tortor laoreet efficitur vel et leo. Maecenas volutpat eget ante id tempor. Etiam posuere ex urna, at aliquet risus tempor eu. Aenean a odio odio. Nunc consectetur lorem ante, interdum ultrices elit consectetur sit amet. Vestibulum rutrum interdum nulla. Cras vel mi a enim eleifend blandit. Curabitur ex dui, rutrum et odio sit amet, auctor euismod massa.",
            "is_active": "1",
            "created_at": "2021-09-01T13:20:30+03:00",
            "updated_at": "2021-09-01T13:20:30+03:00"
        }
    },
    {
        "model": "inventory.product",
        "id": "30",
        "fields": {
            "web_id": "45425839",
            "name": "aerosoes creativity boot faux leather",
            "slug": "aerosoes-creativity-boot-faux-leather",
            "category": "33",
            "description": "Lorem ipsum dolor sit amet, consectetur adipiscing elit. Proin porta, eros vel sollicitudin lacinia, quam metus gravida elit, a elementum nisl neque sit amet orci. Nulla id lorem ac nunc cursus consequat vitae ut orci. In a velit eu justo eleifend tincidunt vel eu turpis. Praesent eu orci egestas, lobortis magna egestas, tincidunt augue. Vestibulum ante ipsum primis in faucibus orci luctus et ultrices posuere cubilia curae; Aenean vitae lectus eget tortor laoreet efficitur vel et leo. Maecenas volutpat eget ante id tempor. Etiam posuere ex urna, at aliquet risus tempor eu. Aenean a odio odio. Nunc consectetur lorem ante, interdum ultrices elit consectetur sit amet. Vestibulum rutrum interdum nulla. Cras vel mi a enim eleifend blandit. Curabitur ex dui, rutrum et odio sit amet, auctor euismod massa.",
            "is_active": "1",
            "created_at": "2021-09-01T13:20:30+03:00",
            "updated_at": "2021-09-01T13:20:30+03:00"
        }
    },
    {
        "model": "inventory.product",
        "id": "31",
        "fields": {
            "web_id": "45425840",
            "name": "aerosoes stone push faux leather",
            "slug": "aerosoes-stone-push-faux-leather",
            "category": "34",
            "description": "Lorem ipsum dolor sit amet, consectetur adipiscing elit. Proin porta, eros vel sollicitudin lacinia, quam metus gravida elit, a elementum nisl neque sit amet orci. Nulla id lorem ac nunc cursus consequat vitae ut orci. In a velit eu justo eleifend tincidunt vel eu turpis. Praesent eu orci egestas, lobortis magna egestas, tincidunt augue. Vestibulum ante ipsum primis in faucibus orci luctus et ultrices posuere cubilia curae; Aenean vitae lectus eget tortor laoreet efficitur vel et leo. Maecenas volutpat eget ante id tempor. Etiam posuere ex urna, at aliquet risus tempor eu. Aenean a odio odio. Nunc consectetur lorem ante, interdum ultrices elit consectetur sit amet. Vestibulum rutrum interdum nulla. Cras vel mi a enim eleifend blandit. Curabitur ex dui, rutrum et odio sit amet, auctor euismod massa.",
            "is_active": "1",
            "created_at": "2021-09-01T13:20:30+03:00",
            "updated_at": "2021-09-01T13:20:30+03:00"
        }
    },
    {
        "model": "inventory.product",
        "id": "32",
        "fields": {
            "web_id": "45425841",
            "name": "aerosoes ename round toe canvas brown winter boot",
            "slug": "aerosoes-ename-round-toe-canvas-brown-winter-boot",
            "category": "35",
            "description": "Lorem ipsum dolor sit amet, consectetur adipiscing elit. Proin porta, eros vel sollicitudin lacinia, quam metus gravida elit, a elementum nisl neque sit amet orci. Nulla id lorem ac nunc cursus consequat vitae ut orci. In a velit eu justo eleifend tincidunt vel eu turpis. Praesent eu orci egestas, lobortis magna egestas, tincidunt augue. Vestibulum ante ipsum primis in faucibus orci luctus et ultrices posuere cubilia curae; Aenean vitae lectus eget tortor laoreet efficitur vel et leo. Maecenas volutpat eget ante id tempor. Etiam posuere ex urna, at aliquet risus tempor eu. Aenean a odio odio. Nunc consectetur lorem ante, interdum ultrices elit consectetur sit amet. Vestibulum rutrum interdum nulla. Cras vel mi a enim eleifend blandit. Curabitur ex dui, rutrum et odio sit amet, auctor euismod massa.",
            "is_active": "1",
            "created_at": "2021-09-01T13:20:30+03:00",
            "updated_at": "2021-09-01T13:20:30+03:00"
        }
    },
    {
        "model": "inventory.product",
        "id": "33",
        "fields": {
            "web_id": "45425842",
            "name": "aerosoes base board side sandal red faux leather",
            "slug": "aerosoes-base-board-side-sandal-red-faux-leather",
            "category": "34",
            "description": "Lorem ipsum dolor sit amet, consectetur adipiscing elit. Proin porta, eros vel sollicitudin lacinia, quam metus gravida elit, a elementum nisl neque sit amet orci. Nulla id lorem ac nunc cursus consequat vitae ut orci. In a velit eu justo eleifend tincidunt vel eu turpis. Praesent eu orci egestas, lobortis magna egestas, tincidunt augue. Vestibulum ante ipsum primis in faucibus orci luctus et ultrices posuere cubilia curae; Aenean vitae lectus eget tortor laoreet efficitur vel et leo. Maecenas volutpat eget ante id tempor. Etiam posuere ex urna, at aliquet risus tempor eu. Aenean a odio odio. Nunc consectetur lorem ante, interdum ultrices elit consectetur sit amet. Vestibulum rutrum interdum nulla. Cras vel mi a enim eleifend blandit. Curabitur ex dui, rutrum et odio sit amet, auctor euismod massa.",
            "is_active": "1",
            "created_at": "2021-09-01T13:20:30+03:00",
            "updated_at": "2021-09-01T13:20:30+03:00"
        }
    },
    {
        "model": "inventory.product",
        "id": "34",
        "fields": {
            "web_id": "45425843",
            "name": "aerosoes highight brown sides sandal",
            "slug": "aerosoes-highight-brown-sides-sandal",
            "category": "33",
            "description": "Lorem ipsum dolor sit amet, consectetur adipiscing elit. Proin porta, eros vel sollicitudin lacinia, quam metus gravida elit, a elementum nisl neque sit amet orci. Nulla id lorem ac nunc cursus consequat vitae ut orci. In a velit eu justo eleifend tincidunt vel eu turpis. Praesent eu orci egestas, lobortis magna egestas, tincidunt augue. Vestibulum ante ipsum primis in faucibus orci luctus et ultrices posuere cubilia curae; Aenean vitae lectus eget tortor laoreet efficitur vel et leo. Maecenas volutpat eget ante id tempor. Etiam posuere ex urna, at aliquet risus tempor eu. Aenean a odio odio. Nunc consectetur lorem ante, interdum ultrices elit consectetur sit amet. Vestibulum rutrum interdum nulla. Cras vel mi a enim eleifend blandit. Curabitur ex dui, rutrum et odio sit amet, auctor euismod massa.",
            "is_active": "1",
            "created_at": "2021-09-01T13:20:30+03:00",
            "updated_at": "2021-09-01T13:20:30+03:00"
        }
    },
    {
        "model": "inventory.product",
        "id": "35",
        "fields": {
            "web_id": "45425844",
            "name": "aerosoes rock soid natura fabric",
            "slug": "aerosoes-rock-soid-natura-fabric",
            "category": "32",
            "description": "Lorem ipsum dolor sit amet, consectetur adipiscing elit. Proin porta, eros vel sollicitudin lacinia, quam metus gravida elit, a elementum nisl neque sit amet orci. Nulla id lorem ac nunc cursus consequat vitae ut orci. In a velit eu justo eleifend tincidunt vel eu turpis. Praesent eu orci egestas, lobortis magna egestas, tincidunt augue. Vestibulum ante ipsum primis in faucibus orci luctus et ultrices posuere cubilia curae; Aenean vitae lectus eget tortor laoreet efficitur vel et leo. Maecenas volutpat eget ante id tempor. Etiam posuere ex urna, at aliquet risus tempor eu. Aenean a odio odio. Nunc consectetur lorem ante, interdum ultrices elit consectetur sit amet. Vestibulum rutrum interdum nulla. Cras vel mi a enim eleifend blandit. Curabitur ex dui, rutrum et odio sit amet, auctor euismod massa.",
            "is_active": "1",
            "created_at": "2021-09-01T13:20:30+03:00",
            "updated_at": "2021-09-01T13:20:30+03:00"
        }
    },
    {
        "model": "inventory.product",
        "id": "36",
        "fields": {
            "web_id": "45425845",
            "name": "aerosoes caendar bootie brown",
            "slug": "aerosoes-caendar-bootie-brown",
            "category": "18",
            "description": "Lorem ipsum dolor sit amet, consectetur adipiscing elit. Proin porta, eros vel sollicitudin lacinia, quam metus gravida elit, a elementum nisl neque sit amet orci. Nulla id lorem ac nunc cursus consequat vitae ut orci. In a velit eu justo eleifend tincidunt vel eu turpis. Praesent eu orci egestas, lobortis magna egestas, tincidunt augue. Vestibulum ante ipsum primis in faucibus orci luctus et ultrices posuere cubilia curae; Aenean vitae lectus eget tortor laoreet efficitur vel et leo. Maecenas volutpat eget ante id tempor. Etiam posuere ex urna, at aliquet risus tempor eu. Aenean a odio odio. Nunc consectetur lorem ante, interdum ultrices elit consectetur sit amet. Vestibulum rutrum interdum nulla. Cras vel mi a enim eleifend blandit. Curabitur ex dui, rutrum et odio sit amet, auctor euismod massa.",
            "is_active": "1",
            "created_at": "2021-09-01T13:20:30+03:00",
            "updated_at": "2021-09-01T13:20:30+03:00"
        }
    },
    {
        "model": "inventory.product",
        "id": "37",
        "fields": {
            "web_id": "45425846",
            "name": "aerosoes barricade duck boot brown tan combo",
            "slug": "aerosoes-barricade-duck-boot-brown-tan-combo",
            "category": "8",
            "description": "Lorem ipsum dolor sit amet, consectetur adipiscing elit. Proin porta, eros vel sollicitudin lacinia, quam metus gravida elit, a elementum nisl neque sit amet orci. Nulla id lorem ac nunc cursus consequat vitae ut orci. In a velit eu justo eleifend tincidunt vel eu turpis. Praesent eu orci egestas, lobortis magna egestas, tincidunt augue. Vestibulum ante ipsum primis in faucibus orci luctus et ultrices posuere cubilia curae; Aenean vitae lectus eget tortor laoreet efficitur vel et leo. Maecenas volutpat eget ante id tempor. Etiam posuere ex urna, at aliquet risus tempor eu. Aenean a odio odio. Nunc consectetur lorem ante, interdum ultrices elit consectetur sit amet. Vestibulum rutrum interdum nulla. Cras vel mi a enim eleifend blandit. Curabitur ex dui, rutrum et odio sit amet, auctor euismod massa.",
            "is_active": "1",
            "created_at": "2021-09-01T13:20:30+03:00",
            "updated_at": "2021-09-01T13:20:30+03:00"
        }
    },
    {
        "model": "inventory.product",
        "id": "38",
        "fields": {
            "web_id": "45425847",
            "name": "aerosoes may push wedge sandal tan combo fabric",
            "slug": "aerosoes-may-push-wedge-sandal-tan-combo-fabric",
            "category": "8",
            "description": "Lorem ipsum dolor sit amet, consectetur adipiscing elit. Proin porta, eros vel sollicitudin lacinia, quam metus gravida elit, a elementum nisl neque sit amet orci. Nulla id lorem ac nunc cursus consequat vitae ut orci. In a velit eu justo eleifend tincidunt vel eu turpis. Praesent eu orci egestas, lobortis magna egestas, tincidunt augue. Vestibulum ante ipsum primis in faucibus orci luctus et ultrices posuere cubilia curae; Aenean vitae lectus eget tortor laoreet efficitur vel et leo. Maecenas volutpat eget ante id tempor. Etiam posuere ex urna, at aliquet risus tempor eu. Aenean a odio odio. Nunc consectetur lorem ante, interdum ultrices elit consectetur sit amet. Vestibulum rutrum interdum nulla. Cras vel mi a enim eleifend blandit. Curabitur ex dui, rutrum et odio sit amet, auctor euismod massa.",
            "is_active": "1",
            "created_at": "2021-09-01T13:20:30+03:00",
            "updated_at": "2021-09-01T13:20:30+03:00"
        }
    },
    {
        "model": "inventory.product",
        "id": "39",
        "fields": {
            "web_id": "45425848",
            "name": "aerosoes time limit loafer faux leather",
            "slug": "aerosoes-time-limit-loafer-faux-leather",
            "category": "8",
            "description": "Lorem ipsum dolor sit amet, consectetur adipiscing elit. Proin porta, eros vel sollicitudin lacinia, quam metus gravida elit, a elementum nisl neque sit amet orci. Nulla id lorem ac nunc cursus consequat vitae ut orci. In a velit eu justo eleifend tincidunt vel eu turpis. Praesent eu orci egestas, lobortis magna egestas, tincidunt augue. Vestibulum ante ipsum primis in faucibus orci luctus et ultrices posuere cubilia curae; Aenean vitae lectus eget tortor laoreet efficitur vel et leo. Maecenas volutpat eget ante id tempor. Etiam posuere ex urna, at aliquet risus tempor eu. Aenean a odio odio. Nunc consectetur lorem ante, interdum ultrices elit consectetur sit amet. Vestibulum rutrum interdum nulla. Cras vel mi a enim eleifend blandit. Curabitur ex dui, rutrum et odio sit amet, auctor euismod massa.",
            "is_active": "1",
            "created_at": "2021-09-01T13:20:30+03:00",
            "updated_at": "2021-09-01T13:20:30+03:00"
        }
    },
    {
        "model": "inventory.product",
        "id": "40",
        "fields": {
            "web_id": "45425849",
            "name": "aerosoes god roe booties grey",
            "slug": "aerosoes-god-roe-booties-grey",
            "category": "8",
            "description": "Lorem ipsum dolor sit amet, consectetur adipiscing elit. Proin porta, eros vel sollicitudin lacinia, quam metus gravida elit, a elementum nisl neque sit amet orci. Nulla id lorem ac nunc cursus consequat vitae ut orci. In a velit eu justo eleifend tincidunt vel eu turpis. Praesent eu orci egestas, lobortis magna egestas, tincidunt augue. Vestibulum ante ipsum primis in faucibus orci luctus et ultrices posuere cubilia curae; Aenean vitae lectus eget tortor laoreet efficitur vel et leo. Maecenas volutpat eget ante id tempor. Etiam posuere ex urna, at aliquet risus tempor eu. Aenean a odio odio. Nunc consectetur lorem ante, interdum ultrices elit consectetur sit amet. Vestibulum rutrum interdum nulla. Cras vel mi a enim eleifend blandit. Curabitur ex dui, rutrum et odio sit amet, auctor euismod massa.",
            "is_active": "1",
            "created_at": "2021-09-01T13:20:30+03:00",
            "updated_at": "2021-09-01T13:20:30+03:00"
        }
    },
    {
        "model": "inventory.product",
        "id": "41",
        "fields": {
            "web_id": "45425850",
            "name": "aerosoes coo breeze side sandal denim twi",
            "slug": "aerosoes-coo-breeze-side-sandal-denim-twi",
            "category": "8",
            "description": "Lorem ipsum dolor sit amet, consectetur adipiscing elit. Proin porta, eros vel sollicitudin lacinia, quam metus gravida elit, a elementum nisl neque sit amet orci. Nulla id lorem ac nunc cursus consequat vitae ut orci. In a velit eu justo eleifend tincidunt vel eu turpis. Praesent eu orci egestas, lobortis magna egestas, tincidunt augue. Vestibulum ante ipsum primis in faucibus orci luctus et ultrices posuere cubilia curae; Aenean vitae lectus eget tortor laoreet efficitur vel et leo. Maecenas volutpat eget ante id tempor. Etiam posuere ex urna, at aliquet risus tempor eu. Aenean a odio odio. Nunc consectetur lorem ante, interdum ultrices elit consectetur sit amet. Vestibulum rutrum interdum nulla. Cras vel mi a enim eleifend blandit. Curabitur ex dui, rutrum et odio sit amet, auctor euismod massa.",
            "is_active": "1",
            "created_at": "2021-09-01T13:20:30+03:00",
            "updated_at": "2021-09-01T13:20:30+03:00"
        }
    },
    {
        "model": "inventory.product",
        "id": "42",
        "fields": {
            "web_id": "45425851",
            "name": "aerosoes trust fund espadrie light tan faux leather",
            "slug": "aerosoes-trust-fund-espadrie-light-tan-faux-leather",
            "category": "8",
            "description": "Lorem ipsum dolor sit amet, consectetur adipiscing elit. Proin porta, eros vel sollicitudin lacinia, quam metus gravida elit, a elementum nisl neque sit amet orci. Nulla id lorem ac nunc cursus consequat vitae ut orci. In a velit eu justo eleifend tincidunt vel eu turpis. Praesent eu orci egestas, lobortis magna egestas, tincidunt augue. Vestibulum ante ipsum primis in faucibus orci luctus et ultrices posuere cubilia curae; Aenean vitae lectus eget tortor laoreet efficitur vel et leo. Maecenas volutpat eget ante id tempor. Etiam posuere ex urna, at aliquet risus tempor eu. Aenean a odio odio. Nunc consectetur lorem ante, interdum ultrices elit consectetur sit amet. Vestibulum rutrum interdum nulla. Cras vel mi a enim eleifend blandit. Curabitur ex dui, rutrum et odio sit amet, auctor euismod massa.",
            "is_active": "1",
            "created_at": "2021-09-01T13:20:30+03:00",
            "updated_at": "2021-09-01T13:20:30+03:00"
        }
    },
    {
        "model": "inventory.product",
        "id": "43",
        "fields": {
            "web_id": "45425852",
            "name": "aerosoes trust fund espadrie faux leather",
            "slug": "aerosoes-trust-fund-espadrie-faux-leather",
            "category": "8",
            "description": "Lorem ipsum dolor sit amet, consectetur adipiscing elit. Proin porta, eros vel sollicitudin lacinia, quam metus gravida elit, a elementum nisl neque sit amet orci. Nulla id lorem ac nunc cursus consequat vitae ut orci. In a velit eu justo eleifend tincidunt vel eu turpis. Praesent eu orci egestas, lobortis magna egestas, tincidunt augue. Vestibulum ante ipsum primis in faucibus orci luctus et ultrices posuere cubilia curae; Aenean vitae lectus eget tortor laoreet efficitur vel et leo. Maecenas volutpat eget ante id tempor. Etiam posuere ex urna, at aliquet risus tempor eu. Aenean a odio odio. Nunc consectetur lorem ante, interdum ultrices elit consectetur sit amet. Vestibulum rutrum interdum nulla. Cras vel mi a enim eleifend blandit. Curabitur ex dui, rutrum et odio sit amet, auctor euismod massa.",
            "is_active": "1",
            "created_at": "2021-09-01T13:20:30+03:00",
            "updated_at": "2021-09-01T13:20:30+03:00"
        }
    },
    {
        "model": "inventory.product",
        "id": "44",
        "fields": {
            "web_id": "45425853",
            "name": "aerosoes expert pump fora combo fora printed fabric",
            "slug": "aerosoes-expert-pump-fora-combo-fora-printed-fabric",
            "category": "8",
            "description": "Lorem ipsum dolor sit amet, consectetur adipiscing elit. Proin porta, eros vel sollicitudin lacinia, quam metus gravida elit, a elementum nisl neque sit amet orci. Nulla id lorem ac nunc cursus consequat vitae ut orci. In a velit eu justo eleifend tincidunt vel eu turpis. Praesent eu orci egestas, lobortis magna egestas, tincidunt augue. Vestibulum ante ipsum primis in faucibus orci luctus et ultrices posuere cubilia curae; Aenean vitae lectus eget tortor laoreet efficitur vel et leo. Maecenas volutpat eget ante id tempor. Etiam posuere ex urna, at aliquet risus tempor eu. Aenean a odio odio. Nunc consectetur lorem ante, interdum ultrices elit consectetur sit amet. Vestibulum rutrum interdum nulla. Cras vel mi a enim eleifend blandit. Curabitur ex dui, rutrum et odio sit amet, auctor euismod massa.",
            "is_active": "1",
            "created_at": "2021-09-01T13:20:30+03:00",
            "updated_at": "2021-09-01T13:20:30+03:00"
        }
    },
    {
        "model": "inventory.product",
        "id": "45",
        "fields": {
            "web_id": "45425854",
            "name": "aerosoes invitation anke bootie taupe faux leathersuede",
            "slug": "aerosoes-invitation-anke-bootie-taupe-faux-leathersuede",
            "category": "8",
            "description": "Lorem ipsum dolor sit amet, consectetur adipiscing elit. Proin porta, eros vel sollicitudin lacinia, quam metus gravida elit, a elementum nisl neque sit amet orci. Nulla id lorem ac nunc cursus consequat vitae ut orci. In a velit eu justo eleifend tincidunt vel eu turpis. Praesent eu orci egestas, lobortis magna egestas, tincidunt augue. Vestibulum ante ipsum primis in faucibus orci luctus et ultrices posuere cubilia curae; Aenean vitae lectus eget tortor laoreet efficitur vel et leo. Maecenas volutpat eget ante id tempor. Etiam posuere ex urna, at aliquet risus tempor eu. Aenean a odio odio. Nunc consectetur lorem ante, interdum ultrices elit consectetur sit amet. Vestibulum rutrum interdum nulla. Cras vel mi a enim eleifend blandit. Curabitur ex dui, rutrum et odio sit amet, auctor euismod massa.",
            "is_active": "1",
            "created_at": "2021-09-01T13:20:30+03:00",
            "updated_at": "2021-09-01T13:20:30+03:00"
        }
    },
    {
        "model": "inventory.product",
        "id": "46",
        "fields": {
            "web_id": "45425855",
            "name": "aerosoes waterspowt tstrap sandal combo faux leatherfabric",
            "slug": "aerosoes-waterspowt-tstrap-sandal-combo-faux-leatherfabric",
            "category": "8",
            "description": "Lorem ipsum dolor sit amet, consectetur adipiscing elit. Proin porta, eros vel sollicitudin lacinia, quam metus gravida elit, a elementum nisl neque sit amet orci. Nulla id lorem ac nunc cursus consequat vitae ut orci. In a velit eu justo eleifend tincidunt vel eu turpis. Praesent eu orci egestas, lobortis magna egestas, tincidunt augue. Vestibulum ante ipsum primis in faucibus orci luctus et ultrices posuere cubilia curae; Aenean vitae lectus eget tortor laoreet efficitur vel et leo. Maecenas volutpat eget ante id tempor. Etiam posuere ex urna, at aliquet risus tempor eu. Aenean a odio odio. Nunc consectetur lorem ante, interdum ultrices elit consectetur sit amet. Vestibulum rutrum interdum nulla. Cras vel mi a enim eleifend blandit. Curabitur ex dui, rutrum et odio sit amet, auctor euismod massa.",
            "is_active": "1",
            "created_at": "2021-09-01T13:20:30+03:00",
            "updated_at": "2021-09-01T13:20:30+03:00"
        }
    },
    {
        "model": "inventory.product",
        "id": "47",
        "fields": {
            "web_id": "45425856",
            "name": "aerosoes harmonize bootie faux leather",
            "slug": "aerosoes-harmonize-bootie-faux-leather",
            "category": "8",
            "description": "Lorem ipsum dolor sit amet, consectetur adipiscing elit. Proin porta, eros vel sollicitudin lacinia, quam metus gravida elit, a elementum nisl neque sit amet orci. Nulla id lorem ac nunc cursus consequat vitae ut orci. In a velit eu justo eleifend tincidunt vel eu turpis. Praesent eu orci egestas, lobortis magna egestas, tincidunt augue. Vestibulum ante ipsum primis in faucibus orci luctus et ultrices posuere cubilia curae; Aenean vitae lectus eget tortor laoreet efficitur vel et leo. Maecenas volutpat eget ante id tempor. Etiam posuere ex urna, at aliquet risus tempor eu. Aenean a odio odio. Nunc consectetur lorem ante, interdum ultrices elit consectetur sit amet. Vestibulum rutrum interdum nulla. Cras vel mi a enim eleifend blandit. Curabitur ex dui, rutrum et odio sit amet, auctor euismod massa.",
            "is_active": "1",
            "created_at": "2021-09-01T13:20:30+03:00",
            "updated_at": "2021-09-01T13:20:30+03:00"
        }
    },
    {
        "model": "inventory.product",
        "id": "48",
        "fields": {
            "web_id": "45425857",
            "name": "aerosoes first roe bootie fabric",
            "slug": "aerosoes-first-roe-bootie-fabric",
            "category": "8",
            "description": "Lorem ipsum dolor sit amet, consectetur adipiscing elit. Proin porta, eros vel sollicitudin lacinia, quam metus gravida elit, a elementum nisl neque sit amet orci. Nulla id lorem ac nunc cursus consequat vitae ut orci. In a velit eu justo eleifend tincidunt vel eu turpis. Praesent eu orci egestas, lobortis magna egestas, tincidunt augue. Vestibulum ante ipsum primis in faucibus orci luctus et ultrices posuere cubilia curae; Aenean vitae lectus eget tortor laoreet efficitur vel et leo. Maecenas volutpat eget ante id tempor. Etiam posuere ex urna, at aliquet risus tempor eu. Aenean a odio odio. Nunc consectetur lorem ante, interdum ultrices elit consectetur sit amet. Vestibulum rutrum interdum nulla. Cras vel mi a enim eleifend blandit. Curabitur ex dui, rutrum et odio sit amet, auctor euismod massa.",
            "is_active": "1",
            "created_at": "2021-09-01T13:20:30+03:00",
            "updated_at": "2021-09-01T13:20:30+03:00"
        }
    },
    {
        "model": "inventory.product",
        "id": "49",
        "fields": {
            "web_id": "45425858",
            "name": "aerosoes lavish pain toe shoe faux leather",
            "slug": "aerosoes-lavish-pain-toe-shoe-faux-leather",
            "category": "8",
            "description": "Lorem ipsum dolor sit amet, consectetur adipiscing elit. Proin porta, eros vel sollicitudin lacinia, quam metus gravida elit, a elementum nisl neque sit amet orci. Nulla id lorem ac nunc cursus consequat vitae ut orci. In a velit eu justo eleifend tincidunt vel eu turpis. Praesent eu orci egestas, lobortis magna egestas, tincidunt augue. Vestibulum ante ipsum primis in faucibus orci luctus et ultrices posuere cubilia curae; Aenean vitae lectus eget tortor laoreet efficitur vel et leo. Maecenas volutpat eget ante id tempor. Etiam posuere ex urna, at aliquet risus tempor eu. Aenean a odio odio. Nunc consectetur lorem ante, interdum ultrices elit consectetur sit amet. Vestibulum rutrum interdum nulla. Cras vel mi a enim eleifend blandit. Curabitur ex dui, rutrum et odio sit amet, auctor euismod massa.",
            "is_active": "1",
            "created_at": "2021-09-01T13:20:30+03:00",
            "updated_at": "2021-09-01T13:20:30+03:00"
        }
    },
    {
        "model": "inventory.product",
        "id": "50",
        "fields": {
            "web_id": "45425859",
            "name": "aerosoes my way biker boot faux leather",
            "slug": "aerosoes-my-way-biker-boot-faux-leather",
            "category": "8",
            "description": "Lorem ipsum dolor sit amet, consectetur adipiscing elit. Proin porta, eros vel sollicitudin lacinia, quam metus gravida elit, a elementum nisl neque sit amet orci. Nulla id lorem ac nunc cursus consequat vitae ut orci. In a velit eu justo eleifend tincidunt vel eu turpis. Praesent eu orci egestas, lobortis magna egestas, tincidunt augue. Vestibulum ante ipsum primis in faucibus orci luctus et ultrices posuere cubilia curae; Aenean vitae lectus eget tortor laoreet efficitur vel et leo. Maecenas volutpat eget ante id tempor. Etiam posuere ex urna, at aliquet risus tempor eu. Aenean a odio odio. Nunc consectetur lorem ante, interdum ultrices elit consectetur sit amet. Vestibulum rutrum interdum nulla. Cras vel mi a enim eleifend blandit. Curabitur ex dui, rutrum et odio sit amet, auctor euismod massa.",
            "is_active": "1",
            "created_at": "2021-09-01T13:20:30+03:00",
            "updated_at": "2021-09-01T13:20:30+03:00"
        }
    }
]